{
  "threshold": 304.9780618373686,
  "hamming_weight": 479.0,
  "detection_result": false,
  "generation_time": 1535.0090734958649,
  "method": "tree_xor",
  "group_size": 2,
  "beam_width": null,
  "baseline_hamming_weight": 502.0,
  "mean_bucket_0_prob": 0.507908284664154,
  "mean_bucket_1_prob": 0.49209171533584595,
  "rejection_count": 360,
  "rejection_rate": 0.3515625
}