{
  "threshold": 126.2855905392411,
  "hamming_weight": 200.0,
  "detection_result": false,
  "generation_time": 476.4679756164551,
  "method": "tree_xor",
  "group_size": 2,
  "beam_width": null,
  "baseline_hamming_weight": 258.0,
  "mean_bucket_0_prob": 0.5031193494796753,
  "mean_bucket_1_prob": 0.4968806505203247,
  "rejection_count": 156,
  "rejection_rate": 0.3046875
}