{
  "threshold": 304.9780618373686,
  "hamming_weight": 476.0,
  "detection_result": false,
  "generation_time": 1534.1912233829498,
  "method": "tree_xor",
  "group_size": 2,
  "beam_width": null,
  "baseline_hamming_weight": 510.0,
  "mean_bucket_0_prob": 0.4956176280975342,
  "mean_bucket_1_prob": 0.5043823719024658,
  "rejection_count": 357,
  "rejection_rate": 0.3486328125
}