{
  "threshold": 126.2855905392411,
  "hamming_weight": 211.0,
  "detection_result": false,
  "generation_time": 480.26151418685913,
  "method": "tree_xor",
  "group_size": 2,
  "beam_width": null,
  "baseline_hamming_weight": 248.0,
  "mean_bucket_0_prob": 0.49588876962661743,
  "mean_bucket_1_prob": 0.5041112303733826,
  "rejection_count": 140,
  "rejection_rate": 0.2734375
}