{
  "threshold": 304.9780618373686,
  "hamming_weight": 449.0,
  "detection_result": false,
  "generation_time": 1543.2815461158752,
  "method": "tree_xor",
  "group_size": 2,
  "beam_width": null,
  "baseline_hamming_weight": 485.0,
  "mean_bucket_0_prob": 0.47515472769737244,
  "mean_bucket_1_prob": 0.5248452425003052,
  "rejection_count": 304,
  "rejection_rate": 0.296875
}