{
  "threshold": 689.6885582087334,
  "hamming_weight": 739.0,
  "detection_result": false,
  "generation_time": 46.474462270736694,
  "rejection_rate": 0.17578125,
  "match_rate": 0.82421875,
  "method": "token",
  "average_pushforward_entropy": 0.7370615601539612,
  "std_dev_pushforward_entropy": 0.380200058221817
}