{
  "threshold": 304.9780618373686,
  "hamming_weight": 475.0,
  "detection_result": false,
  "generation_time": 1544.2365822792053,
  "method": "tree_xor",
  "group_size": 2,
  "beam_width": null,
  "baseline_hamming_weight": 495.0,
  "mean_bucket_0_prob": 0.4881133437156677,
  "mean_bucket_1_prob": 0.5118865966796875,
  "rejection_count": 410,
  "rejection_rate": 0.400390625
}