{
  "total_bits": 272,
  "zeros": 130,
  "ones": 142,
  "zero_ratio": 0.47794117647058826,
  "one_ratio": 0.5220588235294118,
  "chunk_stats": [
    {
      "chunk_id": 0,
      "total": 100,
      "zeros": 43,
      "ones": 57,
      "zero_ratio": 0.43,
      "one_ratio": 0.57
    },
    {
      "chunk_id": 1,
      "total": 100,
      "zeros": 47,
      "ones": 53,
      "zero_ratio": 0.47,
      "one_ratio": 0.53
    },
    {
      "chunk_id": 2,
      "total": 72,
      "zeros": 40,
      "ones": 32,
      "zero_ratio": 0.5555555555555556,
      "one_ratio": 0.4444444444444444
    }
  ],
  "position_stats": {
    "position_zeros": [
      1,
      4,
      10,
      4,
      5,
      5,
      5,
      7,
      7,
      8,
      3,
      1,
      7,
      2,
      1,
      6,
      5,
      5,
      5,
      3
    ],
    "position_ones": [
      14,
      11,
      5,
      11,
      9,
      8,
      7,
      3,
      2,
      1,
      6,
      8,
      2,
      5,
      6,
      1,
      1,
      1,
      0,
      2
    ],
    "position_counts": [
      15,
      15,
      15,
      15,
      14,
      13,
      12,
      10,
      9,
      9,
      9,
      9,
      9,
      7,
      7,
      7,
      6,
      6,
      5,
      5
    ]
  }
}