{
  "threshold": 126.2855905392411,
  "hamming_weight": 216.0,
  "detection_result": false,
  "generation_time": 470.0936005115509,
  "method": "tree_xor",
  "group_size": 2,
  "beam_width": null,
  "baseline_hamming_weight": 267.0,
  "mean_bucket_0_prob": 0.4938424825668335,
  "mean_bucket_1_prob": 0.5061575174331665,
  "rejection_count": 145,
  "rejection_rate": 0.283203125
}