{
  "threshold": 689.6885582087334,
  "hamming_weight": 992.0,
  "detection_result": false,
  "generation_time": 59.30088686943054,
  "rejection_rate": 0.40966796875,
  "match_rate": 0.59033203125,
  "method": "token",
  "average_pushforward_entropy": 0.3252719044685364,
  "std_dev_pushforward_entropy": 0.3828015923500061
}