{
  "threshold": 689.6885582087334,
  "hamming_weight": 908.0,
  "detection_result": false,
  "generation_time": 63.405030250549316,
  "rejection_rate": 0.0517578125,
  "match_rate": 0.9482421875,
  "method": "independent_hash"
}