{
  "threshold": 689.6885582087334,
  "hamming_weight": 884.0,
  "detection_result": false,
  "generation_time": 64.77413845062256,
  "rejection_rate": 0.013671875,
  "match_rate": 0.986328125,
  "method": "independent_hash"
}