{
  "threshold": 304.9780618373686,
  "hamming_weight": 453.0,
  "detection_result": false,
  "generation_time": 1533.0265119075775,
  "method": "tree_xor",
  "group_size": 2,
  "beam_width": null,
  "baseline_hamming_weight": 509.0,
  "mean_bucket_0_prob": 0.45800817012786865,
  "mean_bucket_1_prob": 0.5419918298721313,
  "rejection_count": 371,
  "rejection_rate": 0.3623046875
}