{
  "threshold": 689.6885582087334,
  "hamming_weight": 957.0,
  "detection_result": false,
  "generation_time": 55.71311402320862,
  "rejection_rate": 0.33447265625,
  "match_rate": 0.66552734375,
  "method": "token",
  "average_pushforward_entropy": 0.4454593062400818,
  "std_dev_pushforward_entropy": 0.37834376096725464
}