{
  "threshold": 304.9780618373686,
  "hamming_weight": 431.0,
  "detection_result": false,
  "generation_time": 1546.1211609840393,
  "method": "tree_xor",
  "group_size": 2,
  "beam_width": null,
  "baseline_hamming_weight": 518.0,
  "mean_bucket_0_prob": 0.5045892000198364,
  "mean_bucket_1_prob": 0.49541082978248596,
  "rejection_count": 308,
  "rejection_rate": 0.30078125
}