{
  "threshold": 126.2855905392411,
  "hamming_weight": 190.0,
  "detection_result": false,
  "generation_time": 473.8428580760956,
  "method": "tree_xor",
  "group_size": 2,
  "beam_width": null,
  "baseline_hamming_weight": 261.0,
  "mean_bucket_0_prob": 0.45842480659484863,
  "mean_bucket_1_prob": 0.5415751934051514,
  "rejection_count": 186,
  "rejection_rate": 0.36328125
}