{
  "threshold": 689.6885582087334,
  "hamming_weight": 994.0,
  "detection_result": false,
  "generation_time": 43.9741792678833,
  "rejection_rate": 0.39794921875,
  "match_rate": 0.60205078125,
  "method": "token",
  "average_pushforward_entropy": 0.28176409006118774,
  "std_dev_pushforward_entropy": 0.3821551203727722
}