{
  "threshold": 126.2855905392411,
  "hamming_weight": 185.0,
  "detection_result": false,
  "generation_time": 11656.62831068039,
  "method": "tree_xor",
  "group_size": 3,
  "beam_width": null,
  "baseline_hamming_weight": 258.0,
  "mean_bucket_0_prob": 0.5107516050338745,
  "mean_bucket_1_prob": 0.48924845457077026,
  "rejection_count": 99,
  "rejection_rate": 0.193359375
}