{
  "threshold": 304.9780618373686,
  "hamming_weight": 460.0,
  "detection_result": false,
  "generation_time": 1529.869933128357,
  "method": "tree_xor",
  "group_size": 2,
  "beam_width": null,
  "baseline_hamming_weight": 503.0,
  "mean_bucket_0_prob": 0.5251435041427612,
  "mean_bucket_1_prob": 0.47485655546188354,
  "rejection_count": 390,
  "rejection_rate": 0.380859375
}