{
  "threshold": 126.2855905392411,
  "hamming_weight": 217.0,
  "detection_result": false,
  "generation_time": 472.4170358181,
  "method": "tree_xor",
  "group_size": 2,
  "beam_width": null,
  "baseline_hamming_weight": 269.0,
  "mean_bucket_0_prob": 0.5092568397521973,
  "mean_bucket_1_prob": 0.49074316024780273,
  "rejection_count": 213,
  "rejection_rate": 0.416015625
}