{
  "threshold": 689.6885582087334,
  "hamming_weight": 989.0,
  "detection_result": false,
  "generation_time": 43.845826864242554,
  "rejection_rate": 0.35693359375,
  "match_rate": 0.64306640625,
  "method": "token",
  "average_pushforward_entropy": 0.3603976368904114,
  "std_dev_pushforward_entropy": 0.4157971441745758
}