{
  "threshold": 126.2855905392411,
  "hamming_weight": 220.0,
  "detection_result": false,
  "generation_time": 478.5382311344147,
  "method": "tree_xor",
  "group_size": 2,
  "beam_width": null,
  "baseline_hamming_weight": 247.0,
  "mean_bucket_0_prob": 0.466790109872818,
  "mean_bucket_1_prob": 0.5332099199295044,
  "rejection_count": 175,
  "rejection_rate": 0.341796875
}