{
  "threshold": 689.6885582087334,
  "hamming_weight": 497.0,
  "detection_result": true,
  "generation_time": 64.16492557525635,
  "rejection_rate": 0.08740234375,
  "match_rate": 0.91259765625,
  "method": "token"
}