{
  "threshold": 689.6885582087334,
  "hamming_weight": 901.0,
  "detection_result": false,
  "generation_time": 56.20011639595032,
  "rejection_rate": 0.3037109375,
  "match_rate": 0.6962890625,
  "method": "token",
  "average_pushforward_entropy": 0.5391253232955933,
  "std_dev_pushforward_entropy": 0.3827497065067291
}