{
  "threshold": 126.2855905392411,
  "hamming_weight": 229.0,
  "detection_result": false,
  "generation_time": 478.263375043869,
  "method": "tree_xor",
  "group_size": 2,
  "beam_width": null,
  "baseline_hamming_weight": 257.0,
  "mean_bucket_0_prob": 0.4714145362377167,
  "mean_bucket_1_prob": 0.5285854339599609,
  "rejection_count": 181,
  "rejection_rate": 0.353515625
}