{
  "threshold": 689.6885582087334,
  "hamming_weight": 965.0,
  "detection_result": false,
  "generation_time": 80.35670876502991,
  "rejection_rate": 0.0634765625,
  "match_rate": 0.9365234375,
  "method": "independent_hash"
}