{
  "threshold": 304.9780618373686,
  "hamming_weight": 477.0,
  "detection_result": false,
  "generation_time": 1537.0636665821075,
  "method": "tree_xor",
  "group_size": 2,
  "beam_width": null,
  "baseline_hamming_weight": 502.0,
  "mean_bucket_0_prob": 0.47705912590026855,
  "mean_bucket_1_prob": 0.5229408740997314,
  "rejection_count": 343,
  "rejection_rate": 0.3349609375
}