{
  "threshold": 126.2855905392411,
  "hamming_weight": 220.0,
  "detection_result": false,
  "generation_time": 469.90335297584534,
  "method": "tree_xor",
  "group_size": 2,
  "beam_width": null,
  "baseline_hamming_weight": 246.0,
  "mean_bucket_0_prob": 0.5028190612792969,
  "mean_bucket_1_prob": 0.4971809387207031,
  "rejection_count": 148,
  "rejection_rate": 0.2890625
}