{
  "threshold": 126.2855905392411,
  "hamming_weight": 207.0,
  "detection_result": false,
  "generation_time": 472.78288531303406,
  "method": "tree_xor",
  "group_size": 2,
  "beam_width": null,
  "baseline_hamming_weight": 259.0,
  "mean_bucket_0_prob": 0.4674875736236572,
  "mean_bucket_1_prob": 0.5325124263763428,
  "rejection_count": 139,
  "rejection_rate": 0.271484375
}