{
  "threshold": 689.6885582087334,
  "hamming_weight": 959.0,
  "detection_result": false,
  "generation_time": 62.90248513221741,
  "rejection_rate": 0.3974609375,
  "match_rate": 0.6025390625,
  "method": "independent_hash"
}