{
  "threshold": 126.2855905392411,
  "hamming_weight": 195.0,
  "detection_result": false,
  "generation_time": 473.0552339553833,
  "method": "tree_xor",
  "group_size": 2,
  "beam_width": null,
  "baseline_hamming_weight": 253.0,
  "mean_bucket_0_prob": 0.4689118266105652,
  "mean_bucket_1_prob": 0.5310882329940796,
  "rejection_count": 140,
  "rejection_rate": 0.2734375
}